latitude,longitude,brightness,scan,track,acq_date,acq_time,satellite,instrument,confidence,version,bright_t31,frp,daynight,nivel_risco,is_alerta,is_critico
-25.64561,-57.12451,302.29,1.14,1.06,2026-05-29,45,Terra,MODIS,30,6.1NRT,286.0,6.82,N,BAIXO,False,False
-25.63618,-57.12591,353.01,1.14,1.06,2026-05-29,45,Terra,MODIS,100,6.1NRT,288.1,85.12,N,MÉDIO,True,False
-25.63484,-57.11473,306.56,1.14,1.06,2026-05-29,45,Terra,MODIS,68,6.1NRT,286.04,9.8,N,BAIXO,False,False
-23.8949,-57.26335,302.6,1.11,1.05,2026-05-29,45,Terra,MODIS,44,6.1NRT,284.01,9.13,N,BAIXO,False,False
-22.87721,-57.35208,307.57,1.1,1.05,2026-05-29,45,Terra,MODIS,72,6.1NRT,291.93,8.41,N,BAIXO,False,False
-22.87589,-57.34157,304.64,1.1,1.05,2026-05-29,45,Terra,MODIS,61,6.1NRT,291.93,6.17,N,BAIXO,False,False
-21.81281,-53.08606,302.71,1.15,1.07,2026-05-29,45,Terra,MODIS,51,6.1NRT,290.2,6.97,N,BAIXO,False,False
-21.40227,-48.71759,304.92,2.27,1.46,2026-05-29,45,Terra,MODIS,62,6.1NRT,287.58,26.81,N,BAIXO,False,False
-22.4764,-62.08781,303.85,2.17,1.43,2026-05-29,48,Terra,MODIS,57,6.1NRT,274.4,27.07,N,BAIXO,False,False
-21.30942,-61.03302,311.7,1.75,1.3,2026-05-29,48,Terra,MODIS,68,6.1NRT,292.4,25.23,N,BAIXO,False,False
-21.307,-61.02687,311.3,1.75,1.3,2026-05-29,48,Terra,MODIS,58,6.1NRT,292.32,23.87,N,BAIXO,False,False
-21.2452,-59.58363,303.22,1.39,1.17,2026-05-29,48,Terra,MODIS,54,6.1NRT,291.44,7.96,N,BAIXO,False,False
-20.73437,-54.83632,308.39,1.02,1.01,2026-05-29,48,Terra,MODIS,74,6.1NRT,291.16,8.64,N,BAIXO,False,False
-20.73298,-54.82671,303.53,1.02,1.01,2026-05-29,48,Terra,MODIS,56,6.1NRT,290.83,5.54,N,BAIXO,False,False
-20.53473,-60.42152,307.1,1.54,1.22,2026-05-29,48,Terra,MODIS,70,6.1NRT,291.6,13.92,N,BAIXO,False,False
-20.53313,-60.40707,316.23,1.54,1.22,2026-05-29,48,Terra,MODIS,93,6.1NRT,292.07,26.52,N,BAIXO,False,False
-18.61972,-58.61293,328.23,1.14,1.06,2026-05-29,48,Terra,MODIS,100,6.1NRT,293.76,31.68,N,BAIXO,False,False
-18.61838,-58.60237,303.55,1.14,1.06,2026-05-29,48,Terra,MODIS,56,6.1NRT,293.38,5.36,N,BAIXO,False,False
-18.59682,-58.65926,337.5,1.15,1.07,2026-05-29,48,Terra,MODIS,100,6.1NRT,294.56,46.6,N,BAIXO,False,False
-18.59549,-58.64865,317.52,1.14,1.07,2026-05-29,48,Terra,MODIS,95,6.1NRT,293.7,16.98,N,BAIXO,False,False
-18.58608,-58.64996,307.4,1.14,1.07,2026-05-29,48,Terra,MODIS,71,6.1NRT,292.95,7.96,N,BAIXO,False,False
-18.58476,-58.63938,315.69,1.14,1.07,2026-05-29,48,Terra,MODIS,92,6.1NRT,293.27,15.64,N,BAIXO,False,False
-18.58344,-58.62881,311.94,1.14,1.06,2026-05-29,48,Terra,MODIS,84,6.1NRT,293.14,11.68,N,BAIXO,False,False
-18.56878,-58.58784,311.85,1.14,1.06,2026-05-29,48,Terra,MODIS,83,6.1NRT,294.33,11.22,N,BAIXO,False,False
-18.55939,-58.58915,328.96,1.14,1.06,2026-05-29,48,Terra,MODIS,100,6.1NRT,294.15,31.14,N,BAIXO,False,False
-18.55809,-58.57862,304.29,1.13,1.06,2026-05-29,48,Terra,MODIS,23,6.1NRT,293.44,4.77,N,BAIXO,False,False
-18.5558,-58.60626,316.04,1.14,1.06,2026-05-29,48,Terra,MODIS,92,6.1NRT,293.48,15.16,N,BAIXO,False,False
-18.55444,-58.59571,330.46,1.14,1.06,2026-05-29,48,Terra,MODIS,100,6.1NRT,294.56,33.55,N,BAIXO,False,False
-18.53567,-58.59832,327.09,1.14,1.06,2026-05-29,48,Terra,MODIS,100,6.1NRT,293.8,28.67,N,BAIXO,False,False
-18.53433,-58.5878,321.54,1.13,1.06,2026-05-29,48,Terra,MODIS,100,6.1NRT,294.17,21.61,N,BAIXO,False,False
-18.52495,-58.58911,327.71,1.13,1.06,2026-05-29,48,Terra,MODIS,100,6.1NRT,293.82,29.97,N,BAIXO,False,False
-18.52361,-58.5786,326.2,1.13,1.06,2026-05-29,48,Terra,MODIS,100,6.1NRT,293.89,27.83,N,BAIXO,False,False
-18.46657,-54.71802,308.04,1.07,1.03,2026-05-29,48,Terra,MODIS,73,6.1NRT,292.49,8.94,N,BAIXO,False,False
-18.46513,-54.70813,328.53,1.07,1.03,2026-05-29,48,Terra,MODIS,100,6.1NRT,292.61,29.9,N,BAIXO,False,False
-18.2361,-54.59556,302.42,1.08,1.04,2026-05-29,48,Terra,MODIS,49,6.1NRT,290.81,5.97,N,BAIXO,False,False
-18.14875,-62.71188,308.29,2.11,1.41,2026-05-29,48,Terra,MODIS,74,6.1NRT,289.4,27.39,N,BAIXO,False,False
-18.14671,-62.6925,321.12,2.1,1.41,2026-05-29,48,Terra,MODIS,100,6.1NRT,289.26,60.19,N,MÉDIO,True,False
-18.09871,-59.58441,306.64,1.27,1.12,2026-05-29,48,Terra,MODIS,69,6.1NRT,291.82,9.89,N,BAIXO,False,False
-18.09027,-59.59747,310.49,1.27,1.12,2026-05-29,48,Terra,MODIS,69,6.1NRT,291.64,12.55,N,BAIXO,False,False
-17.5616,-61.61189,309.33,1.71,1.28,2026-05-29,48,Terra,MODIS,77,6.1NRT,291.23,20.26,N,BAIXO,False,False
-17.55985,-61.5962,311.36,1.7,1.28,2026-05-29,48,Terra,MODIS,82,6.1NRT,291.77,22.88,N,BAIXO,False,False
-17.51108,-59.52422,316.77,1.24,1.11,2026-05-29,48,Terra,MODIS,94,6.1NRT,293.55,18.38,N,BAIXO,False,False
-17.50968,-59.51284,327.23,1.24,1.1,2026-05-29,48,Terra,MODIS,100,6.1NRT,294.29,32.92,N,BAIXO,False,False
-17.50131,-59.52553,311.76,1.24,1.11,2026-05-29,48,Terra,MODIS,75,6.1NRT,292.95,12.05,N,BAIXO,False,False
-17.49993,-59.51422,332.13,1.24,1.1,2026-05-29,48,Terra,MODIS,100,6.1NRT,294.12,40.63,N,BAIXO,False,False
-17.49855,-59.50285,368.62,1.23,1.1,2026-05-29,48,Terra,MODIS,100,6.1NRT,297.54,149.42,N,ALTO,True,False
-17.49717,-59.49161,340.05,1.23,1.1,2026-05-29,48,Terra,MODIS,100,6.1NRT,295.04,56.79,N,MÉDIO,True,False
-17.49018,-59.51559,305.93,1.24,1.1,2026-05-29,48,Terra,MODIS,41,6.1NRT,293.02,6.53,N,BAIXO,False,False
-17.4888,-59.50421,344.48,1.23,1.1,2026-05-29,48,Terra,MODIS,100,6.1NRT,295.09,67.36,N,MÉDIO,True,False
-17.48742,-59.49284,354.94,1.23,1.1,2026-05-29,48,Terra,MODIS,100,6.1NRT,295.67,97.57,N,MÉDIO,True,False
-17.48604,-59.48151,304.49,1.23,1.1,2026-05-29,48,Terra,MODIS,60,6.1NRT,293.22,6.16,N,BAIXO,False,False
-17.48455,-59.55109,306.65,1.24,1.11,2026-05-29,48,Terra,MODIS,66,6.1NRT,292.41,8.55,N,BAIXO,False,False
-16.70986,-59.64261,317.32,1.23,1.1,2026-05-29,48,Terra,MODIS,95,6.1NRT,293.97,18.93,N,BAIXO,False,False
-16.70012,-59.64389,306.5,1.23,1.1,2026-05-29,48,Terra,MODIS,48,6.1NRT,293.72,7.44,N,BAIXO,False,False
-16.69874,-59.63271,312.57,1.23,1.1,2026-05-29,48,Terra,MODIS,85,6.1NRT,293.72,12.92,N,BAIXO,False,False
-16.66165,-61.067,301.89,1.51,1.21,2026-05-29,48,Terra,MODIS,45,6.1NRT,291.37,8.5,N,BAIXO,False,False
-16.65934,-59.65519,315.4,1.23,1.1,2026-05-29,48,Terra,MODIS,61,6.1NRT,293.91,14.94,N,BAIXO,False,False
-16.64537,-59.62289,328.29,1.22,1.1,2026-05-29,48,Terra,MODIS,100,6.1NRT,294.76,31.29,N,BAIXO,False,False
-16.64429,-60.78781,302.5,1.45,1.19,2026-05-29,48,Terra,MODIS,49,6.1NRT,291.43,8.27,N,BAIXO,False,False
-16.64396,-59.61174,344.13,1.22,1.1,2026-05-29,48,Terra,MODIS,100,6.1NRT,295.24,64.32,N,MÉDIO,True,False
-16.62875,-59.64804,310.35,1.23,1.1,2026-05-29,48,Terra,MODIS,18,6.1NRT,293.67,10.09,N,BAIXO,False,False
-16.60892,-60.98977,305.82,1.49,1.21,2026-05-29,48,Terra,MODIS,66,6.1NRT,291.68,12.77,N,BAIXO,False,False
-16.57222,-60.68312,301.44,1.42,1.18,2026-05-29,48,Terra,MODIS,41,6.1NRT,291.28,7.58,N,BAIXO,False,False
-16.56958,-59.33135,304.38,1.18,1.08,2026-05-29,48,Terra,MODIS,23,6.1NRT,293.3,5.67,N,BAIXO,False,False
-16.54514,-59.29087,306.36,1.17,1.08,2026-05-29,48,Terra,MODIS,68,6.1NRT,293.52,7.14,N,BAIXO,False,False
-16.52085,-59.28968,306.6,1.17,1.08,2026-05-29,48,Terra,MODIS,69,6.1NRT,293.38,7.59,N,BAIXO,False,False
-16.51948,-59.27895,324.33,1.17,1.08,2026-05-29,48,Terra,MODIS,100,6.1NRT,293.95,26.65,N,BAIXO,False,False
-16.4991,-59.34729,307.28,1.18,1.08,2026-05-29,48,Terra,MODIS,61,6.1NRT,293.53,7.62,N,BAIXO,False,False
-16.48279,-59.29486,306.91,1.17,1.08,2026-05-29,48,Terra,MODIS,52,6.1NRT,293.49,7.22,N,BAIXO,False,False
-16.47181,-59.36198,309.51,1.18,1.08,2026-05-29,48,Terra,MODIS,78,6.1NRT,293.34,10.35,N,BAIXO,False,False
-16.47047,-59.35122,305.02,1.18,1.08,2026-05-29,48,Terra,MODIS,59,6.1NRT,293.34,6.18,N,BAIXO,False,False
-16.46644,-59.31894,313.09,1.17,1.08,2026-05-29,48,Terra,MODIS,86,6.1NRT,293.73,12.53,N,BAIXO,False,False
-16.46376,-59.29747,319.54,1.17,1.08,2026-05-29,48,Terra,MODIS,99,6.1NRT,293.99,19.83,N,BAIXO,False,False
-16.17566,-58.47644,332.87,1.07,1.03,2026-05-29,48,Terra,MODIS,100,6.1NRT,272.71,0.0,N,BAIXO,False,False
-16.17153,-61.16065,310.11,1.51,1.21,2026-05-29,48,Terra,MODIS,53,6.1NRT,292.26,16.5,N,BAIXO,False,False
-16.16082,-61.16209,324.41,1.51,1.21,2026-05-29,48,Terra,MODIS,100,6.1NRT,292.83,40.29,N,BAIXO,False,False
-16.15917,-61.14822,310.0,1.51,1.21,2026-05-29,48,Terra,MODIS,76,6.1NRT,292.65,16.46,N,BAIXO,False,False
-16.1501,-61.16352,302.78,1.51,1.21,2026-05-29,48,Terra,MODIS,15,6.1NRT,291.72,8.35,N,BAIXO,False,False
-16.14847,-61.14964,303.97,1.51,1.21,2026-05-29,48,Terra,MODIS,28,6.1NRT,291.59,9.44,N,BAIXO,False,False
-15.90489,-50.55248,300.21,2.13,1.42,2026-05-29,48,Terra,MODIS,21,6.1NRT,285.61,13.01,N,BAIXO,False,False
-15.89056,-61.38515,303.13,1.56,1.23,2026-05-29,48,Terra,MODIS,53,6.1NRT,292.35,9.6,N,BAIXO,False,False
-15.82653,-58.62018,305.68,1.08,1.04,2026-05-29,48,Terra,MODIS,65,6.1NRT,288.56,7.48,N,BAIXO,False,False
-15.80534,-61.93435,304.73,1.7,1.28,2026-05-29,48,Terra,MODIS,61,6.1NRT,292.21,13.32,N,BAIXO,False,False
-15.79976,-58.6198,301.12,1.08,1.04,2026-05-29,48,Terra,MODIS,37,6.1NRT,285.17,5.3,N,BAIXO,False,False
-15.78664,-58.66177,309.79,1.08,1.04,2026-05-29,48,Terra,MODIS,78,6.1NRT,279.84,12.2,N,BAIXO,False,False
-15.61128,-60.98272,312.8,1.45,1.19,2026-05-29,48,Terra,MODIS,86,6.1NRT,292.96,19.03,N,BAIXO,False,False
-15.60969,-60.96968,304.66,1.44,1.19,2026-05-29,48,Terra,MODIS,61,6.1NRT,292.71,9.49,N,BAIXO,False,False
-15.17464,-54.8491,302.44,1.13,1.06,2026-05-29,48,Terra,MODIS,49,6.1NRT,289.93,6.77,N,BAIXO,False,False
-14.64606,-54.52276,306.43,1.19,1.09,2026-05-29,48,Terra,MODIS,68,6.1NRT,292.19,9.0,N,BAIXO,False,False
-14.44537,-48.90088,307.61,3.06,1.66,2026-05-29,48,Terra,MODIS,72,6.1NRT,290.93,43.62,N,BAIXO,False,False
-13.70465,-66.26242,302.55,3.47,1.75,2026-05-29,50,Terra,MODIS,10,6.1NRT,288.33,37.63,N,BAIXO,False,False
-13.63738,-55.76083,303.35,1.07,1.03,2026-05-29,50,Terra,MODIS,41,6.1NRT,284.32,7.44,N,BAIXO,False,False
-13.63599,-55.75116,304.26,1.07,1.03,2026-05-29,50,Terra,MODIS,59,6.1NRT,287.35,7.57,N,BAIXO,False,False
-13.18162,-52.71227,318.65,1.65,1.26,2026-05-29,50,Terra,MODIS,97,6.1NRT,287.05,35.98,N,BAIXO,False,False
-12.99048,-57.78523,309.31,1.0,1.0,2026-05-29,50,Terra,MODIS,68,6.1NRT,282.68,11.18,N,BAIXO,False,False
-12.98925,-57.77623,301.16,1.0,1.0,2026-05-29,50,Terra,MODIS,18,6.1NRT,284.58,5.8,N,BAIXO,False,False
-12.72097,-54.19338,304.32,1.32,1.14,2026-05-29,50,Terra,MODIS,59,6.1NRT,285.81,10.59,N,BAIXO,False,False
-12.68767,-54.58302,301.56,1.25,1.11,2026-05-29,50,Terra,MODIS,15,6.1NRT,291.21,7.34,N,BAIXO,False,False
-11.79239,-52.51559,306.64,1.8,1.32,2026-05-29,50,Terra,MODIS,46,6.1NRT,292.23,15.01,N,BAIXO,False,False
-11.79143,-52.52675,301.83,1.8,1.31,2026-05-29,50,Terra,MODIS,21,6.1NRT,291.75,8.91,N,BAIXO,False,False
-11.78883,-52.51064,307.36,1.8,1.32,2026-05-29,50,Terra,MODIS,71,6.1NRT,292.21,16.78,N,BAIXO,False,False
-11.78085,-52.51756,312.09,1.8,1.32,2026-05-29,50,Terra,MODIS,83,6.1NRT,292.09,23.91,N,BAIXO,False,False
-11.77729,-52.5126,304.63,1.8,1.32,2026-05-29,50,Terra,MODIS,26,6.1NRT,291.86,12.07,N,BAIXO,False,False
-11.60154,-47.47554,306.36,4.5,1.95,2026-05-29,50,Terra,MODIS,68,6.1NRT,292.17,65.17,N,MÉDIO,True,False
-11.59407,-47.43408,314.56,4.54,1.96,2026-05-29,50,Terra,MODIS,89,6.1NRT,291.93,116.87,N,ALTO,True,False
-11.59214,-47.4426,319.22,4.54,1.96,2026-05-29,50,Terra,MODIS,98,6.1NRT,292.13,153.76,N,ALTO,True,False
-11.5613,-54.59032,302.63,1.3,1.13,2026-05-29,50,Terra,MODIS,50,6.1NRT,287.87,8.35,N,BAIXO,False,False
-11.55955,-54.57881,316.15,1.3,1.13,2026-05-29,50,Terra,MODIS,93,6.1NRT,289.6,22.45,N,BAIXO,False,False
-11.44573,-55.11258,302.39,1.21,1.09,2026-05-29,50,Terra,MODIS,44,6.1NRT,290.24,6.27,N,BAIXO,False,False
-11.30238,-54.03658,306.84,1.42,1.18,2026-05-29,50,Terra,MODIS,69,6.1NRT,292.21,12.38,N,BAIXO,False,False
-10.13537,-52.39742,304.73,1.97,1.37,2026-05-29,50,Terra,MODIS,61,6.1NRT,292.32,15.25,N,BAIXO,False,False
-7.90799,-61.51383,304.39,1.24,1.11,2026-05-29,50,Terra,MODIS,56,6.1NRT,293.2,6.18,N,BAIXO,False,False
-7.33842,-49.87112,301.87,3.53,1.77,2026-05-29,50,Terra,MODIS,45,6.1NRT,290.66,23.73,N,BAIXO,False,False
-6.57772,-51.11929,303.49,2.9,1.62,2026-05-29,50,Terra,MODIS,55,6.1NRT,290.31,25.29,N,BAIXO,False,False
-6.57349,-51.09314,304.47,2.91,1.63,2026-05-29,50,Terra,MODIS,60,6.1NRT,286.54,27.67,N,BAIXO,False,False
-6.57084,-51.10007,308.31,2.91,1.63,2026-05-29,50,Terra,MODIS,74,6.1NRT,288.98,39.59,N,BAIXO,False,False
-7.00361,-45.00388,308.18,1.13,1.06,2026-05-29,612,Aqua,MODIS,74,6.1NRT,292.42,9.74,N,BAIXO,False,False
-6.99607,-42.88583,302.36,1.0,1.0,2026-05-29,612,Aqua,MODIS,14,6.1NRT,291.79,4.01,N,BAIXO,False,False
-6.98864,-42.87576,325.45,1.0,1.0,2026-05-29,612,Aqua,MODIS,100,6.1NRT,293.23,23.1,N,BAIXO,False,False
-6.98731,-42.88452,309.95,1.0,1.0,2026-05-29,612,Aqua,MODIS,79,6.1NRT,292.78,8.87,N,BAIXO,False,False
-6.57226,-51.08718,304.7,3.21,1.7,2026-05-29,612,Aqua,MODIS,61,6.1NRT,289.44,35.86,N,BAIXO,False,False
-6.56968,-51.10652,302.92,3.23,1.7,2026-05-29,612,Aqua,MODIS,49,6.1NRT,287.57,28.24,N,BAIXO,False,False
-6.39417,-44.1665,321.13,1.06,1.03,2026-05-29,612,Aqua,MODIS,100,6.1NRT,292.02,20.6,N,BAIXO,False,False
-6.08642,-44.00104,309.74,1.05,1.02,2026-05-29,612,Aqua,MODIS,78,6.1NRT,292.29,9.54,N,BAIXO,False,False
-5.95276,-43.48787,305.94,1.02,1.01,2026-05-29,612,Aqua,MODIS,27,6.1NRT,289.3,7.0,N,BAIXO,False,False
-5.94391,-43.48657,308.98,1.02,1.01,2026-05-29,612,Aqua,MODIS,45,6.1NRT,289.81,9.36,N,BAIXO,False,False
-5.3244,-44.68936,324.56,1.14,1.06,2026-05-29,612,Aqua,MODIS,100,6.1NRT,291.38,28.25,N,BAIXO,False,False
-11.60011,-47.42934,303.24,1.35,1.15,2026-05-29,614,Aqua,MODIS,29,6.1NRT,289.84,8.09,N,BAIXO,False,False
-11.59811,-47.44138,331.75,1.36,1.15,2026-05-29,614,Aqua,MODIS,100,6.1NRT,291.12,48.55,N,BAIXO,False,False
-11.59064,-47.43333,327.71,1.36,1.15,2026-05-29,614,Aqua,MODIS,100,6.1NRT,291.66,40.14,N,BAIXO,False,False
-11.58872,-47.44531,340.73,1.36,1.15,2026-05-29,614,Aqua,MODIS,100,6.1NRT,292.85,69.41,N,MÉDIO,True,False
-11.58802,-47.43968,332.23,1.36,1.15,2026-05-29,614,Aqua,MODIS,100,6.1NRT,292.72,49.79,N,BAIXO,False,False
-11.58603,-47.4516,309.1,1.36,1.15,2026-05-29,614,Aqua,MODIS,72,6.1NRT,291.39,13.45,N,BAIXO,False,False
-10.97772,-45.09523,301.44,1.05,1.02,2026-05-29,614,Aqua,MODIS,41,6.1NRT,286.92,7.01,N,BAIXO,False,False
-8.67955,-48.30394,300.99,1.76,1.3,2026-05-29,614,Aqua,MODIS,36,6.1NRT,290.55,10.34,N,BAIXO,False,False
-24.54637,-42.46532,311.98,1.48,1.2,2026-05-29,616,Aqua,MODIS,77,6.1NRT,294.15,17.37,N,BAIXO,False,False
-17.49594,-59.46979,301.65,4.41,1.93,2026-05-29,754,Aqua,MODIS,43,6.1NRT,287.92,46.71,N,BAIXO,False,False
-17.49216,-59.51011,304.74,4.38,1.93,2026-05-29,754,Aqua,MODIS,61,6.1NRT,288.89,59.78,N,MÉDIO,True,False
-17.49168,-59.46568,302.91,4.41,1.93,2026-05-29,754,Aqua,MODIS,52,6.1NRT,288.1,53.58,N,MÉDIO,False,False
-17.48766,-59.50587,307.01,4.38,1.93,2026-05-29,754,Aqua,MODIS,70,6.1NRT,289.01,72.75,N,MÉDIO,True,False
-9.8321,-37.2372,310.95,1.84,1.33,2026-05-29,1134,Terra,MODIS,64,6.1NRT,296.39,15.38,D,BAIXO,False,False
-9.78905,-38.1266,311.78,1.57,1.24,2026-05-29,1134,Terra,MODIS,67,6.1NRT,295.91,14.31,D,BAIXO,False,False
-9.11135,-38.20019,307.91,1.52,1.22,2026-05-29,1134,Terra,MODIS,57,6.1NRT,292.37,10.72,D,BAIXO,False,False
-9.1096,-38.21336,307.38,1.51,1.21,2026-05-29,1134,Terra,MODIS,55,6.1NRT,293.45,9.65,D,BAIXO,False,False
-8.84157,-46.71048,326.56,1.55,1.23,2026-05-29,1134,Terra,MODIS,82,6.1NRT,299.35,38.88,D,BAIXO,False,False
-8.83941,-46.72417,361.54,1.55,1.23,2026-05-29,1134,Terra,MODIS,100,6.1NRT,299.82,165.1,D,ALTO,True,False
-8.83685,-46.71711,346.2,1.55,1.23,2026-05-29,1134,Terra,MODIS,94,6.1NRT,299.54,96.51,D,MÉDIO,True,False
-8.83479,-46.73084,326.87,1.56,1.23,2026-05-29,1134,Terra,MODIS,83,6.1NRT,297.16,40.59,D,BAIXO,False,False
-8.82953,-38.93088,313.99,1.34,1.15,2026-05-29,1134,Terra,MODIS,59,6.1NRT,296.34,11.14,D,BAIXO,False,False
-8.69156,-48.30387,308.21,2.07,1.4,2026-05-29,1134,Terra,MODIS,58,6.1NRT,295.86,15.19,D,BAIXO,False,False
-6.99842,-43.86044,309.19,1.1,1.05,2026-05-29,1134,Terra,MODIS,56,6.1NRT,297.36,5.91,D,BAIXO,False,False
-6.99699,-43.87015,308.86,1.1,1.05,2026-05-29,1134,Terra,MODIS,55,6.1NRT,296.89,5.66,D,BAIXO,False,False
-6.99402,-42.87655,347.71,1.02,1.01,2026-05-29,1134,Terra,MODIS,94,6.1NRT,299.61,53.39,D,MÉDIO,True,False
-6.99272,-42.88556,328.46,1.02,1.01,2026-05-29,1134,Terra,MODIS,83,6.1NRT,299.19,21.01,D,BAIXO,False,False
-6.94244,-42.73159,307.72,1.02,1.01,2026-05-29,1134,Terra,MODIS,43,6.1NRT,297.0,4.3,D,BAIXO,False,False
-6.94114,-42.74056,314.69,1.02,1.01,2026-05-29,1134,Terra,MODIS,68,6.1NRT,296.28,9.49,D,BAIXO,False,False
-6.11091,-44.73377,318.37,1.25,1.11,2026-05-29,1134,Terra,MODIS,75,6.1NRT,294.53,16.39,D,BAIXO,False,False
-6.10923,-44.7449,310.65,1.25,1.11,2026-05-29,1134,Terra,MODIS,44,6.1NRT,294.77,7.82,D,BAIXO,False,False
-6.10112,-44.73236,328.08,1.25,1.11,2026-05-29,1134,Terra,MODIS,83,6.1NRT,294.92,30.1,D,BAIXO,False,False
-6.09945,-44.74341,317.12,1.25,1.11,2026-05-29,1134,Terra,MODIS,70,6.1NRT,294.55,14.56,D,BAIXO,False,False
-5.33481,-42.67706,311.15,1.03,1.02,2026-05-29,1134,Terra,MODIS,62,6.1NRT,295.32,5.89,D,BAIXO,False,False
-5.3335,-42.68612,314.71,1.03,1.02,2026-05-29,1134,Terra,MODIS,69,6.1NRT,295.55,8.74,D,BAIXO,False,False
-5.32754,-44.68887,306.9,1.28,1.12,2026-05-29,1134,Terra,MODIS,44,6.1NRT,291.78,5.6,D,BAIXO,False,False
-5.05715,-42.6194,308.09,1.03,1.02,2026-05-29,1134,Terra,MODIS,47,6.1NRT,294.81,4.5,D,BAIXO,False,False
-5.01869,-41.66807,308.72,1.0,1.0,2026-05-29,1134,Terra,MODIS,55,6.1NRT,295.85,4.76,D,BAIXO,False,False
-13.35352,-44.32769,308.46,1.03,1.01,2026-05-29,1136,Terra,MODIS,61,6.1NRT,296.2,6.41,D,BAIXO,False,False
-12.6156,-44.50932,306.83,1.05,1.02,2026-05-29,1136,Terra,MODIS,54,6.1NRT,296.21,3.97,D,BAIXO,False,False
-12.44265,-44.74306,308.38,1.07,1.03,2026-05-29,1136,Terra,MODIS,63,6.1NRT,296.62,6.59,D,BAIXO,False,False
-12.44123,-44.75267,312.21,1.07,1.03,2026-05-29,1136,Terra,MODIS,70,6.1NRT,297.12,9.58,D,BAIXO,False,False
-12.4232,-47.89746,307.21,1.65,1.26,2026-05-29,1136,Terra,MODIS,59,6.1NRT,295.65,10.93,D,BAIXO,False,False
-12.00694,-45.35835,309.34,1.15,1.07,2026-05-29,1136,Terra,MODIS,65,6.1NRT,296.43,8.06,D,BAIXO,False,False
-11.61982,-45.18382,307.11,1.14,1.06,2026-05-29,1136,Terra,MODIS,52,6.1NRT,296.92,5.55,D,BAIXO,False,False
-11.59792,-47.44006,332.91,1.58,1.24,2026-05-29,1136,Terra,MODIS,87,6.1NRT,298.42,57.61,D,MÉDIO,True,False
-11.59571,-47.45385,312.45,1.58,1.24,2026-05-29,1136,Terra,MODIS,69,6.1NRT,298.08,15.81,D,BAIXO,False,False
-11.58704,-47.4383,309.86,1.58,1.24,2026-05-29,1136,Terra,MODIS,65,6.1NRT,296.82,11.87,D,BAIXO,False,False
-11.47152,-46.69348,315.82,1.4,1.17,2026-05-29,1136,Terra,MODIS,74,6.1NRT,296.84,18.16,D,BAIXO,False,False
-11.16828,-46.79455,307.94,1.44,1.19,2026-05-29,1136,Terra,MODIS,59,6.1NRT,297.18,7.89,D,BAIXO,False,False
-11.14722,-45.80269,310.54,1.25,1.11,2026-05-29,1136,Terra,MODIS,65,6.1NRT,298.28,8.85,D,BAIXO,False,False
-10.98676,-45.09673,315.39,1.15,1.07,2026-05-29,1136,Terra,MODIS,73,6.1NRT,295.4,13.43,D,BAIXO,False,False
-10.83183,-46.89769,330.56,1.48,1.2,2026-05-29,1136,Terra,MODIS,86,6.1NRT,298.6,43.38,D,BAIXO,False,False
-10.82966,-46.91127,356.31,1.49,1.2,2026-05-29,1136,Terra,MODIS,98,6.1NRT,299.87,129.57,D,ALTO,True,False
-10.82752,-46.92461,308.44,1.49,1.21,2026-05-29,1136,Terra,MODIS,29,6.1NRT,296.48,7.37,D,BAIXO,False,False
-10.82748,-46.89024,327.85,1.48,1.2,2026-05-29,1136,Terra,MODIS,84,6.1NRT,298.37,37.24,D,BAIXO,False,False
-10.82541,-46.9038,381.5,1.49,1.2,2026-05-29,1136,Terra,MODIS,100,6.1NRT,302.99,277.79,D,CRÍTICO,True,True
-10.82335,-46.9172,363.82,1.49,1.21,2026-05-29,1136,Terra,MODIS,100,6.1NRT,299.34,166.8,D,ALTO,True,False
-10.81686,-46.88881,315.05,1.48,1.2,2026-05-29,1136,Terra,MODIS,72,6.1NRT,296.44,15.34,D,BAIXO,False,False
-10.81483,-46.90202,328.96,1.49,1.2,2026-05-29,1136,Terra,MODIS,85,6.1NRT,297.81,42.33,D,BAIXO,False,False
-10.64347,-49.73037,315.65,2.47,1.51,2026-05-29,1136,Terra,MODIS,69,6.1NRT,296.07,38.35,D,BAIXO,False,False
-24.54998,-42.46741,319.74,1.27,1.12,2026-05-29,1138,Terra,MODIS,72,6.1NRT,293.92,21.66,D,BAIXO,False,False
-21.80773,-49.12925,303.0,1.39,1.17,2026-05-29,1138,Terra,MODIS,54,6.1NRT,288.92,9.16,D,BAIXO,False,False
-13.70513,-66.25842,309.62,1.09,1.04,2026-05-29,1314,Terra,MODIS,64,6.1NRT,296.78,6.57,D,BAIXO,False,False
-13.70381,-66.26823,311.85,1.09,1.04,2026-05-29,1314,Terra,MODIS,68,6.1NRT,296.17,8.61,D,BAIXO,False,False
-17.4956,-59.47403,307.02,3.68,1.8,2026-05-29,1316,Terra,MODIS,50,6.1NRT,289.72,34.54,D,BAIXO,False,False
-17.49244,-59.508,308.39,3.66,1.79,2026-05-29,1316,Terra,MODIS,57,6.1NRT,288.38,39.15,D,BAIXO,False,False
-23.82645,-70.31596,303.41,1.0,1.0,2026-05-29,1318,Terra,MODIS,52,6.1NRT,291.65,3.96,D,BAIXO,False,False
-24.79633,-42.51451,316.66,1.09,1.04,2026-05-29,1824,Aqua,MODIS,66,6.1NRT,294.96,15.23,D,BAIXO,False,False
-24.55212,-42.47653,313.28,1.09,1.04,2026-05-29,1824,Aqua,MODIS,57,6.1NRT,294.4,11.79,D,BAIXO,False,False
-24.55071,-42.46608,311.45,1.08,1.04,2026-05-29,1824,Aqua,MODIS,49,6.1NRT,294.27,10.2,D,BAIXO,False,False
-21.81996,-49.12639,306.79,2.7,1.57,2026-05-29,1824,Aqua,MODIS,60,6.1NRT,296.13,19.9,D,BAIXO,False,False
-21.81463,-49.13209,311.23,2.7,1.57,2026-05-29,1824,Aqua,MODIS,68,6.1NRT,295.92,33.13,D,BAIXO,False,False
-20.18253,-41.87893,301.58,1.0,1.0,2026-05-29,1824,Aqua,MODIS,48,6.1NRT,278.36,5.7,D,BAIXO,False,False
-19.78176,-40.26726,311.54,1.06,1.03,2026-05-29,1824,Aqua,MODIS,62,6.1NRT,285.42,9.94,D,BAIXO,False,False
-19.77429,-40.27863,360.65,1.05,1.03,2026-05-29,1824,Aqua,MODIS,87,6.1NRT,290.94,93.59,D,MÉDIO,True,False
-19.77277,-40.26886,327.73,1.06,1.03,2026-05-29,1824,Aqua,MODIS,80,6.1NRT,287.31,26.01,D,BAIXO,False,False
-18.64941,-40.53542,307.05,1.06,1.03,2026-05-29,1824,Aqua,MODIS,65,6.1NRT,294.74,5.78,D,BAIXO,False,False
-15.26687,-43.8925,308.08,1.03,1.02,2026-05-29,1824,Aqua,MODIS,56,6.1NRT,282.89,7.93,D,BAIXO,False,False
-14.6465,-41.80831,309.44,1.03,1.02,2026-05-29,1824,Aqua,MODIS,68,6.1NRT,285.81,9.87,D,BAIXO,False,False
-13.69258,-42.03945,310.55,1.03,1.02,2026-05-29,1826,Aqua,MODIS,46,6.1NRT,299.65,4.63,D,BAIXO,False,False
-13.27273,-43.38885,318.06,1.0,1.0,2026-05-29,1826,Aqua,MODIS,70,6.1NRT,306.23,7.62,D,BAIXO,False,False
-13.22288,-42.78544,351.17,1.01,1.0,2026-05-29,1826,Aqua,MODIS,96,6.1NRT,299.24,61.15,D,MÉDIO,True,False
-13.22155,-42.77648,328.04,1.01,1.0,2026-05-29,1826,Aqua,MODIS,82,6.1NRT,297.79,22.69,D,BAIXO,False,False
-12.92608,-45.95498,330.75,1.2,1.09,2026-05-29,1826,Aqua,MODIS,85,6.1NRT,299.35,29.43,D,BAIXO,False,False
-12.7672,-49.32197,315.16,2.05,1.39,2026-05-29,1826,Aqua,MODIS,44,6.1NRT,301.93,21.2,D,BAIXO,False,False
-12.43058,-47.88642,336.26,1.57,1.24,2026-05-29,1826,Aqua,MODIS,88,6.1NRT,300.2,65.18,D,MÉDIO,True,False
-12.30264,-52.486,313.99,3.62,1.78,2026-05-29,1826,Aqua,MODIS,66,6.1NRT,297.65,51.13,D,MÉDIO,True,False
-12.21156,-43.20052,323.57,1.0,1.0,2026-05-29,1826,Aqua,MODIS,78,6.1NRT,306.7,12.44,D,BAIXO,False,False
-12.21024,-43.19159,331.05,1.0,1.0,2026-05-29,1826,Aqua,MODIS,84,6.1NRT,306.23,21.28,D,BAIXO,False,False
-12.09462,-48.20422,322.68,1.64,1.26,2026-05-29,1826,Aqua,MODIS,77,6.1NRT,301.05,31.27,D,BAIXO,False,False
-11.98323,-47.89225,322.62,1.55,1.23,2026-05-29,1826,Aqua,MODIS,76,6.1NRT,302.53,26.91,D,BAIXO,False,False
-11.97715,-47.9019,336.48,1.55,1.23,2026-05-29,1826,Aqua,MODIS,88,6.1NRT,303.22,60.35,D,MÉDIO,True,False
-11.97537,-47.88803,328.51,1.55,1.23,2026-05-29,1826,Aqua,MODIS,82,6.1NRT,302.7,39.53,D,BAIXO,False,False
-11.9725,-47.89394,334.3,1.55,1.23,2026-05-29,1826,Aqua,MODIS,86,6.1NRT,303.31,52.45,D,MÉDIO,True,False
-11.95985,-46.75633,323.11,1.3,1.13,2026-05-29,1826,Aqua,MODIS,77,6.1NRT,300.81,21.49,D,BAIXO,False,False
-11.95828,-46.74479,312.48,1.29,1.13,2026-05-29,1826,Aqua,MODIS,29,6.1NRT,300.41,7.44,D,BAIXO,False,False
-11.95499,-43.40511,324.22,1.0,1.0,2026-05-29,1826,Aqua,MODIS,78,6.1NRT,305.2,13.71,D,BAIXO,False,False
-11.95368,-43.39621,321.77,1.0,1.0,2026-05-29,1826,Aqua,MODIS,75,6.1NRT,305.96,10.69,D,BAIXO,False,False
-11.91859,-43.84419,323.03,1.0,1.0,2026-05-29,1826,Aqua,MODIS,76,6.1NRT,305.64,12.96,D,BAIXO,False,False
-11.91729,-43.83527,368.58,1.0,1.0,2026-05-29,1826,Aqua,MODIS,100,6.1NRT,306.49,104.92,D,ALTO,True,False
-11.91599,-43.82636,321.37,1.0,1.0,2026-05-29,1826,Aqua,MODIS,74,6.1NRT,303.62,11.68,D,BAIXO,False,False
-11.853,-43.97025,329.73,1.0,1.0,2026-05-29,1826,Aqua,MODIS,82,6.1NRT,305.32,22.19,D,BAIXO,False,False
-11.8517,-43.96131,313.38,1.0,1.0,2026-05-29,1826,Aqua,MODIS,57,6.1NRT,303.15,5.39,D,BAIXO,False,False
-11.7605,-46.64469,312.5,1.27,1.12,2026-05-29,1826,Aqua,MODIS,46,6.1NRT,302.44,7.37,D,BAIXO,False,False
-11.748,-43.55843,315.9,1.0,1.0,2026-05-29,1826,Aqua,MODIS,65,6.1NRT,303.24,7.57,D,BAIXO,False,False
-11.70496,-44.16072,314.44,1.01,1.0,2026-05-29,1826,Aqua,MODIS,59,6.1NRT,303.76,6.39,D,BAIXO,False,False
-11.60407,-47.45272,322.3,1.42,1.18,2026-05-29,1826,Aqua,MODIS,75,6.1NRT,304.05,21.77,D,BAIXO,False,False
-11.60237,-47.44019,330.6,1.42,1.18,2026-05-29,1826,Aqua,MODIS,83,6.1NRT,303.2,37.93,D,BAIXO,False,False
-11.59369,-47.454,316.96,1.42,1.18,2026-05-29,1826,Aqua,MODIS,60,6.1NRT,305.27,13.51,D,BAIXO,False,False
-11.59202,-47.44157,321.7,1.42,1.18,2026-05-29,1826,Aqua,MODIS,75,6.1NRT,302.71,21.18,D,BAIXO,False,False
-11.56514,-48.26218,315.65,1.63,1.26,2026-05-29,1826,Aqua,MODIS,63,6.1NRT,302.82,15.04,D,BAIXO,False,False
-11.56338,-48.26918,315.42,1.63,1.26,2026-05-29,1826,Aqua,MODIS,64,6.1NRT,303.43,15.2,D,BAIXO,False,False
-11.55139,-46.84379,313.05,1.3,1.13,2026-05-29,1826,Aqua,MODIS,55,6.1NRT,301.11,8.58,D,BAIXO,False,False
-11.54151,-46.84534,313.93,1.3,1.13,2026-05-29,1826,Aqua,MODIS,61,6.1NRT,301.04,9.6,D,BAIXO,False,False
-11.47045,-46.69315,314.6,1.27,1.12,2026-05-29,1826,Aqua,MODIS,63,6.1NRT,303.29,8.85,D,BAIXO,False,False
-11.42196,-40.6387,307.58,1.26,1.11,2026-05-29,1826,Aqua,MODIS,42,6.1NRT,293.66,6.82,D,BAIXO,False,False
-11.36531,-49.62173,318.89,2.06,1.4,2026-05-29,1826,Aqua,MODIS,72,6.1NRT,301.08,31.01,D,BAIXO,False,False
-11.16605,-46.79468,318.3,1.27,1.12,2026-05-29,1826,Aqua,MODIS,43,6.1NRT,302.73,11.32,D,BAIXO,False,False
-11.15783,-46.80757,326.71,1.28,1.12,2026-05-29,1826,Aqua,MODIS,80,6.1NRT,301.74,22.51,D,BAIXO,False,False
-10.99107,-45.09557,318.88,1.05,1.02,2026-05-29,1826,Aqua,MODIS,52,6.1NRT,304.13,9.96,D,BAIXO,False,False
-10.84804,-49.73794,326.28,2.07,1.4,2026-05-29,1826,Aqua,MODIS,80,6.1NRT,300.4,46.29,D,BAIXO,False,False
-10.84574,-49.7197,316.38,2.06,1.4,2026-05-29,1826,Aqua,MODIS,41,6.1NRT,302.28,17.28,D,BAIXO,False,False
-10.84413,-49.74518,324.38,2.07,1.4,2026-05-29,1826,Aqua,MODIS,78,6.1NRT,301.0,41.81,D,BAIXO,False,False
-10.8417,-49.72696,328.39,2.06,1.4,2026-05-29,1826,Aqua,MODIS,82,6.1NRT,302.24,54.59,D,MÉDIO,True,False
-10.83797,-48.76442,335.74,1.73,1.29,2026-05-29,1826,Aqua,MODIS,87,6.1NRT,300.79,71.86,D,MÉDIO,True,False
-10.83714,-46.91821,323.39,1.28,1.12,2026-05-29,1826,Aqua,MODIS,41,6.1NRT,302.71,17.14,D,BAIXO,False,False
-10.83578,-49.73958,319.71,2.07,1.4,2026-05-29,1826,Aqua,MODIS,71,6.1NRT,300.86,26.14,D,BAIXO,False,False
-10.82096,-46.96223,318.99,1.29,1.13,2026-05-29,1826,Aqua,MODIS,37,6.1NRT,301.81,11.95,D,BAIXO,False,False
-10.81936,-46.95076,327.96,1.29,1.13,2026-05-29,1826,Aqua,MODIS,80,6.1NRT,302.99,25.75,D,BAIXO,False,False
-10.81618,-46.92793,332.57,1.28,1.12,2026-05-29,1826,Aqua,MODIS,84,6.1NRT,303.44,32.7,D,BAIXO,False,False
-10.78661,-46.93206,321.5,1.28,1.12,2026-05-29,1826,Aqua,MODIS,73,6.1NRT,302.67,15.44,D,BAIXO,False,False
-10.78604,-48.54142,316.84,1.66,1.27,2026-05-29,1826,Aqua,MODIS,67,6.1NRT,300.93,19.59,D,BAIXO,False,False
-10.78595,-48.54701,315.8,1.66,1.27,2026-05-29,1826,Aqua,MODIS,65,6.1NRT,300.89,16.69,D,BAIXO,False,False
-10.78503,-46.92057,354.18,1.28,1.12,2026-05-29,1826,Aqua,MODIS,97,6.1NRT,302.82,91.02,D,MÉDIO,True,False
-10.78171,-49.94247,312.1,2.14,1.42,2026-05-29,1826,Aqua,MODIS,45,6.1NRT,299.56,15.85,D,BAIXO,False,False
-10.78005,-49.94787,314.68,2.14,1.42,2026-05-29,1826,Aqua,MODIS,48,6.1NRT,298.91,21.92,D,BAIXO,False,False
-10.77934,-49.92361,319.79,2.13,1.42,2026-05-29,1826,Aqua,MODIS,73,6.1NRT,301.33,35.76,D,BAIXO,False,False
-10.77755,-49.92904,352.09,2.13,1.42,2026-05-29,1826,Aqua,MODIS,84,6.1NRT,301.37,185.24,D,ALTO,True,False
-10.77518,-46.92195,320.0,1.28,1.12,2026-05-29,1826,Aqua,MODIS,57,6.1NRT,300.96,13.12,D,BAIXO,False,False
-10.76926,-49.94412,331.05,2.14,1.42,2026-05-29,1826,Aqua,MODIS,64,6.1NRT,299.02,72.0,D,MÉDIO,True,False
-10.76691,-49.92527,341.42,2.13,1.42,2026-05-29,1826,Aqua,MODIS,79,6.1NRT,300.08,119.41,D,ALTO,True,False
-10.67077,-48.35748,339.75,1.6,1.25,2026-05-29,1826,Aqua,MODIS,90,6.1NRT,304.1,72.31,D,MÉDIO,True,False
-10.6689,-48.34317,334.44,1.6,1.25,2026-05-29,1826,Aqua,MODIS,86,6.1NRT,302.9,56.46,D,MÉDIO,True,False
-10.66834,-48.36445,318.66,1.6,1.25,2026-05-29,1826,Aqua,MODIS,70,6.1NRT,302.91,19.2,D,BAIXO,False,False
-10.66637,-48.35017,338.66,1.6,1.25,2026-05-29,1826,Aqua,MODIS,89,6.1NRT,303.81,69.26,D,MÉDIO,True,False
-10.64608,-49.72821,322.08,2.04,1.39,2026-05-29,1826,Aqua,MODIS,72,6.1NRT,298.56,39.85,D,BAIXO,False,False
-10.60067,-51.09448,321.5,2.63,1.56,2026-05-29,1826,Aqua,MODIS,75,6.1NRT,298.71,57.73,D,MÉDIO,True,False
-10.55763,-46.53745,324.3,1.21,1.09,2026-05-29,1826,Aqua,MODIS,77,6.1NRT,302.84,21.25,D,BAIXO,False,False
-10.54808,-46.53896,330.8,1.21,1.09,2026-05-29,1826,Aqua,MODIS,83,6.1NRT,302.83,30.59,D,BAIXO,False,False
-10.50855,-48.10687,318.05,1.53,1.22,2026-05-29,1826,Aqua,MODIS,69,6.1NRT,300.52,20.18,D,BAIXO,False,False
-10.39927,-52.53095,313.17,3.41,1.74,2026-05-29,1826,Aqua,MODIS,36,6.1NRT,296.81,42.77,D,BAIXO,False,False
-10.29622,-46.92844,341.31,1.26,1.12,2026-05-29,1826,Aqua,MODIS,91,6.1NRT,298.83,54.28,D,MÉDIO,True,False
-10.29471,-46.91734,335.16,1.26,1.12,2026-05-29,1826,Aqua,MODIS,87,6.1NRT,298.36,39.46,D,BAIXO,False,False
-10.28644,-46.9298,320.09,1.26,1.12,2026-05-29,1826,Aqua,MODIS,66,6.1NRT,297.41,14.77,D,BAIXO,False,False
-10.28492,-46.91863,375.78,1.26,1.12,2026-05-29,1826,Aqua,MODIS,100,6.1NRT,301.57,181.17,D,ALTO,True,False
-10.28342,-46.90752,347.58,1.26,1.12,2026-05-29,1826,Aqua,MODIS,94,6.1NRT,299.77,66.92,D,MÉDIO,True,False
-10.28138,-46.91428,334.26,1.26,1.12,2026-05-29,1826,Aqua,MODIS,86,6.1NRT,301.68,35.06,D,BAIXO,False,False
-10.2685,-46.89361,324.67,1.26,1.11,2026-05-29,1826,Aqua,MODIS,78,6.1NRT,301.25,19.86,D,BAIXO,False,False
-10.1956,-49.10647,329.11,1.8,1.31,2026-05-29,1826,Aqua,MODIS,83,6.1NRT,301.16,50.9,D,MÉDIO,True,False
-10.09,-48.49481,316.76,1.61,1.25,2026-05-29,1826,Aqua,MODIS,29,6.1NRT,299.81,15.16,D,BAIXO,False,False
-10.08808,-48.48061,318.01,1.6,1.25,2026-05-29,1826,Aqua,MODIS,69,6.1NRT,300.12,18.28,D,BAIXO,False,False
-10.08617,-48.46645,318.26,1.6,1.25,2026-05-29,1826,Aqua,MODIS,58,6.1NRT,298.72,17.97,D,BAIXO,False,False
-10.02603,-44.74044,316.92,1.02,1.01,2026-05-29,1826,Aqua,MODIS,67,6.1NRT,300.97,8.97,D,BAIXO,False,False
-10.00269,-46.38671,320.82,1.17,1.08,2026-05-29,1826,Aqua,MODIS,73,6.1NRT,302.62,14.54,D,BAIXO,False,False
-10.00125,-46.37658,313.75,1.17,1.08,2026-05-29,1826,Aqua,MODIS,58,6.1NRT,300.92,6.55,D,BAIXO,False,False
-9.80437,-48.93133,314.76,1.72,1.29,2026-05-29,1826,Aqua,MODIS,67,6.1NRT,297.48,18.08,D,BAIXO,False,False
-9.76784,-48.07125,321.41,1.48,1.2,2026-05-29,1826,Aqua,MODIS,75,6.1NRT,301.15,23.35,D,BAIXO,False,False
-9.76605,-48.05823,328.57,1.48,1.2,2026-05-29,1826,Aqua,MODIS,82,6.1NRT,299.63,37.2,D,BAIXO,False,False
-9.73249,-50.43369,319.09,2.25,1.45,2026-05-29,1826,Aqua,MODIS,67,6.1NRT,291.73,40.74,D,BAIXO,False,False
-9.7322,-50.4288,328.94,2.25,1.45,2026-05-29,1826,Aqua,MODIS,84,6.1NRT,291.63,75.03,D,MÉDIO,True,False
-9.72987,-50.41406,340.34,2.24,1.45,2026-05-29,1826,Aqua,MODIS,91,6.1NRT,290.83,129.47,D,ALTO,True,False
-9.72973,-50.40914,334.98,2.24,1.45,2026-05-29,1826,Aqua,MODIS,88,6.1NRT,289.59,100.94,D,ALTO,True,False
-9.70704,-47.26377,319.65,1.3,1.13,2026-05-29,1826,Aqua,MODIS,71,6.1NRT,299.61,15.79,D,BAIXO,False,False
-9.70546,-47.25221,317.41,1.3,1.13,2026-05-29,1826,Aqua,MODIS,68,6.1NRT,302.45,12.63,D,BAIXO,False,False
-9.61157,-42.13827,318.77,1.1,1.05,2026-05-29,1826,Aqua,MODIS,68,6.1NRT,303.28,10.03,D,BAIXO,False,False
-9.58815,-47.66638,326.17,1.38,1.16,2026-05-29,1826,Aqua,MODIS,80,6.1NRT,301.2,28.14,D,BAIXO,False,False
-9.55032,-48.0608,335.91,1.47,1.2,2026-05-29,1826,Aqua,MODIS,88,6.1NRT,301.19,54.27,D,MÉDIO,True,False
-9.54857,-48.04791,319.09,1.46,1.2,2026-05-29,1826,Aqua,MODIS,72,6.1NRT,300.27,18.02,D,BAIXO,False,False
-9.41509,-47.37652,342.14,1.31,1.14,2026-05-29,1826,Aqua,MODIS,91,6.1NRT,303.22,59.06,D,MÉDIO,True,False
-9.41346,-47.36497,342.73,1.31,1.14,2026-05-29,1826,Aqua,MODIS,91,6.1NRT,303.46,60.18,D,MÉDIO,True,False
-9.35926,-47.93087,312.34,1.43,1.18,2026-05-29,1826,Aqua,MODIS,54,6.1NRT,300.18,6.96,D,BAIXO,False,False
-9.27094,-40.42704,323.41,1.4,1.17,2026-05-29,1826,Aqua,MODIS,76,6.1NRT,298.84,25.09,D,BAIXO,False,False
-9.24872,-49.15308,313.43,1.75,1.3,2026-05-29,1826,Aqua,MODIS,61,6.1NRT,299.92,13.12,D,BAIXO,False,False
-9.24149,-46.62975,317.03,1.18,1.08,2026-05-29,1826,Aqua,MODIS,66,6.1NRT,301.19,11.22,D,BAIXO,False,False
-9.18995,-48.6352,321.35,1.6,1.24,2026-05-29,1826,Aqua,MODIS,75,6.1NRT,295.59,27.17,D,BAIXO,False,False
-9.18806,-48.62138,321.77,1.59,1.24,2026-05-29,1826,Aqua,MODIS,75,6.1NRT,296.38,27.49,D,BAIXO,False,False
-9.13654,-47.6494,315.26,1.36,1.15,2026-05-29,1826,Aqua,MODIS,63,6.1NRT,301.84,10.43,D,BAIXO,False,False
-8.99794,-47.60852,312.12,1.34,1.15,2026-05-29,1826,Aqua,MODIS,43,6.1NRT,300.49,6.49,D,BAIXO,False,False
-8.86065,-46.71486,373.39,1.18,1.08,2026-05-29,1826,Aqua,MODIS,100,6.1NRT,307.37,152.54,D,ALTO,True,False
-8.85916,-46.70447,359.28,1.18,1.08,2026-05-29,1826,Aqua,MODIS,99,6.1NRT,309.72,96.51,D,MÉDIO,True,False
-8.85117,-46.71619,350.57,1.18,1.08,2026-05-29,1826,Aqua,MODIS,95,6.1NRT,309.1,70.04,D,MÉDIO,True,False
-8.8497,-46.70582,332.33,1.18,1.08,2026-05-29,1826,Aqua,MODIS,84,6.1NRT,306.17,29.28,D,BAIXO,False,False
-8.8417,-46.71751,334.71,1.18,1.08,2026-05-29,1826,Aqua,MODIS,86,6.1NRT,306.6,35.7,D,BAIXO,False,False
-8.84023,-46.70715,320.67,1.18,1.08,2026-05-29,1826,Aqua,MODIS,72,6.1NRT,301.83,13.59,D,BAIXO,False,False
-8.73616,-48.32295,322.33,1.49,1.21,2026-05-29,1826,Aqua,MODIS,58,6.1NRT,305.13,20.69,D,BAIXO,False,False
-8.73159,-48.32898,319.05,1.49,1.21,2026-05-29,1826,Aqua,MODIS,23,6.1NRT,305.63,16.46,D,BAIXO,False,False
-8.66684,-47.29946,314.71,1.27,1.12,2026-05-29,1826,Aqua,MODIS,61,6.1NRT,301.83,9.26,D,BAIXO,False,False
-8.6472,-46.57955,314.07,1.16,1.07,2026-05-29,1826,Aqua,MODIS,59,6.1NRT,301.42,8.2,D,BAIXO,False,False
-8.5544,-51.51974,315.53,2.64,1.56,2026-05-29,1826,Aqua,MODIS,63,6.1NRT,292.99,36.3,D,BAIXO,False,False
-8.55138,-51.49662,339.43,2.63,1.56,2026-05-29,1826,Aqua,MODIS,90,6.1NRT,295.7,157.59,D,ALTO,True,False
-8.54836,-51.4735,310.71,2.62,1.55,2026-05-29,1826,Aqua,MODIS,32,6.1NRT,291.04,22.73,D,BAIXO,False,False
-8.49056,-46.46476,317.46,1.14,1.06,2026-05-29,1826,Aqua,MODIS,62,6.1NRT,301.43,10.74,D,BAIXO,False,False
-8.39304,-46.87714,311.5,1.19,1.09,2026-05-29,1826,Aqua,MODIS,46,6.1NRT,300.57,5.97,D,BAIXO,False,False
-8.26786,-47.15719,313.18,1.23,1.1,2026-05-29,1826,Aqua,MODIS,54,6.1NRT,301.46,6.36,D,BAIXO,False,False
-8.26631,-47.14635,314.66,1.23,1.1,2026-05-29,1826,Aqua,MODIS,59,6.1NRT,302.33,8.17,D,BAIXO,False,False
-8.24299,-47.05127,323.64,1.21,1.09,2026-05-29,1826,Aqua,MODIS,76,6.1NRT,301.93,19.34,D,BAIXO,False,False
-8.03049,-46.92183,327.76,1.19,1.08,2026-05-29,1826,Aqua,MODIS,80,6.1NRT,303.05,24.67,D,BAIXO,False,False
-8.02902,-46.91147,352.09,1.18,1.08,2026-05-29,1826,Aqua,MODIS,96,6.1NRT,302.63,76.87,D,MÉDIO,True,False
-7.96866,-48.52452,315.18,1.5,1.21,2026-05-29,1826,Aqua,MODIS,62,6.1NRT,299.67,12.41,D,BAIXO,False,False
-7.91527,-47.13374,314.99,1.21,1.1,2026-05-29,1826,Aqua,MODIS,60,6.1NRT,302.02,8.13,D,BAIXO,False,False
-7.91373,-47.12304,312.61,1.21,1.09,2026-05-29,1826,Aqua,MODIS,47,6.1NRT,301.08,5.37,D,BAIXO,False,False
-7.83472,-50.23697,313.99,2.02,1.39,2026-05-29,1826,Aqua,MODIS,64,6.1NRT,297.81,19.49,D,BAIXO,False,False
-7.58067,-42.64691,348.96,1.1,1.05,2026-05-29,1826,Aqua,MODIS,94,6.1NRT,302.5,60.49,D,MÉDIO,True,False
-7.5792,-42.63723,321.29,1.1,1.05,2026-05-29,1826,Aqua,MODIS,72,6.1NRT,301.34,13.06,D,BAIXO,False,False
-7.45701,-47.71189,315.07,1.3,1.13,2026-05-29,1826,Aqua,MODIS,61,6.1NRT,302.9,8.3,D,BAIXO,False,False
-7.45133,-43.07581,314.28,1.06,1.03,2026-05-29,1826,Aqua,MODIS,54,6.1NRT,300.84,6.09,D,BAIXO,False,False
-7.44993,-43.06653,315.13,1.06,1.03,2026-05-29,1826,Aqua,MODIS,58,6.1NRT,300.63,6.9,D,BAIXO,False,False
-7.28078,-43.54112,314.86,1.03,1.01,2026-05-29,1826,Aqua,MODIS,56,6.1NRT,301.59,6.09,D,BAIXO,False,False
-7.00624,-43.86743,320.22,1.02,1.01,2026-05-29,1826,Aqua,MODIS,70,6.1NRT,303.4,11.47,D,BAIXO,False,False
-6.9985,-42.88712,336.48,1.09,1.04,2026-05-29,1826,Aqua,MODIS,87,6.1NRT,305.68,29.74,D,BAIXO,False,False
-6.99707,-42.87759,334.76,1.09,1.04,2026-05-29,1826,Aqua,MODIS,86,6.1NRT,305.21,27.71,D,BAIXO,False,False
-6.94035,-42.749,325.61,1.1,1.05,2026-05-29,1826,Aqua,MODIS,78,6.1NRT,302.46,17.57,D,BAIXO,False,False
-6.93889,-42.73935,325.2,1.1,1.05,2026-05-29,1826,Aqua,MODIS,77,6.1NRT,304.23,16.99,D,BAIXO,False,False
-6.83551,-43.40101,328.83,1.05,1.02,2026-05-29,1826,Aqua,MODIS,81,6.1NRT,302.31,19.75,D,BAIXO,False,False
-6.82658,-43.4024,346.82,1.05,1.02,2026-05-29,1826,Aqua,MODIS,93,6.1NRT,303.2,49.96,D,BAIXO,False,False
-6.8252,-43.39323,325.37,1.05,1.02,2026-05-29,1826,Aqua,MODIS,77,6.1NRT,300.93,15.21,D,BAIXO,False,False
-6.98924,-50.46101,310.29,2.04,1.39,2026-05-29,1828,Aqua,MODIS,43,6.1NRT,295.24,12.1,D,BAIXO,False,False
-6.98559,-50.46667,310.26,2.04,1.39,2026-05-29,1828,Aqua,MODIS,55,6.1NRT,294.61,13.21,D,BAIXO,False,False
-6.90743,-47.96169,319.71,1.32,1.14,2026-05-29,1828,Aqua,MODIS,71,6.1NRT,305.98,15.16,D,BAIXO,False,False
-6.74973,-45.01454,322.7,1.0,1.0,2026-05-29,1828,Aqua,MODIS,63,6.1NRT,303.95,11.41,D,BAIXO,False,False
-6.68858,-48.00546,313.39,1.32,1.14,2026-05-29,1828,Aqua,MODIS,60,6.1NRT,299.7,7.3,D,BAIXO,False,False
-6.68691,-47.99357,316.27,1.32,1.14,2026-05-29,1828,Aqua,MODIS,67,6.1NRT,301.23,11.1,D,BAIXO,False,False
-6.66433,-47.55186,318.36,1.24,1.11,2026-05-29,1828,Aqua,MODIS,70,6.1NRT,301.31,13.03,D,BAIXO,False,False
-6.57669,-51.10822,319.39,2.27,1.46,2026-05-29,1828,Aqua,MODIS,75,6.1NRT,296.22,40.65,D,BAIXO,False,False
-6.46339,-44.83419,316.54,1.0,1.0,2026-05-29,1828,Aqua,MODIS,68,6.1NRT,299.33,8.07,D,BAIXO,False,False
-6.46211,-44.82544,322.91,1.0,1.0,2026-05-29,1828,Aqua,MODIS,77,6.1NRT,300.07,14.15,D,BAIXO,False,False
-6.43144,-50.22319,309.56,1.91,1.35,2026-05-29,1828,Aqua,MODIS,54,6.1NRT,292.2,14.61,D,BAIXO,False,False
-6.42919,-50.20661,309.16,1.91,1.35,2026-05-29,1828,Aqua,MODIS,52,6.1NRT,291.54,13.84,D,BAIXO,False,False
-6.3965,-44.17445,315.13,1.01,1.0,2026-05-29,1828,Aqua,MODIS,64,6.1NRT,303.43,7.91,D,BAIXO,False,False
-6.26003,-48.51727,317.47,1.41,1.18,2026-05-29,1828,Aqua,MODIS,68,6.1NRT,296.68,16.76,D,BAIXO,False,False
-5.81511,-45.12519,327.52,1.0,1.0,2026-05-29,1828,Aqua,MODIS,71,6.1NRT,288.06,20.22,D,BAIXO,False,False
-5.80764,-45.13525,357.09,1.0,1.0,2026-05-29,1828,Aqua,MODIS,74,6.1NRT,289.66,71.75,D,MÉDIO,True,False
-5.80635,-45.12648,340.26,1.0,1.0,2026-05-29,1828,Aqua,MODIS,79,6.1NRT,290.19,36.78,D,BAIXO,False,False
-5.28281,-50.9469,310.76,2.09,1.41,2026-05-29,1828,Aqua,MODIS,59,6.1NRT,293.73,15.2,D,BAIXO,False,False
-33.26732,-60.28532,303.12,1.14,1.06,2026-05-29,2000,Aqua,MODIS,52,6.1NRT,288.54,7.48,D,BAIXO,False,False
-32.16426,-61.28854,336.99,1.08,1.04,2026-05-29,2000,Aqua,MODIS,90,6.1NRT,291.05,43.94,D,BAIXO,False,False
-32.16245,-61.27743,331.4,1.08,1.04,2026-05-29,2000,Aqua,MODIS,87,6.1NRT,289.65,35.02,D,BAIXO,False,False
-31.93846,-58.53447,307.98,1.47,1.2,2026-05-29,2000,Aqua,MODIS,66,6.1NRT,287.81,16.41,D,BAIXO,False,False
-31.93497,-59.93272,311.72,1.23,1.1,2026-05-29,2000,Aqua,MODIS,72,6.1NRT,289.17,15.65,D,BAIXO,False,False
-31.59518,-58.01731,300.85,1.61,1.25,2026-05-29,2000,Aqua,MODIS,40,6.1NRT,287.41,10.24,D,BAIXO,False,False
-30.91475,-61.20004,301.78,1.12,1.05,2026-05-29,2000,Aqua,MODIS,49,6.1NRT,281.3,7.3,D,BAIXO,False,False
-30.80885,-60.23258,309.22,1.24,1.11,2026-05-29,2000,Aqua,MODIS,68,6.1NRT,289.13,13.43,D,BAIXO,False,False
-30.68289,-60.09627,301.87,1.27,1.12,2026-05-29,2000,Aqua,MODIS,49,6.1NRT,288.84,7.15,D,BAIXO,False,False
-30.09571,-62.48333,301.63,1.04,1.02,2026-05-29,2000,Aqua,MODIS,48,6.1NRT,288.89,5.2,D,BAIXO,False,False
-30.09405,-62.47286,301.44,1.04,1.02,2026-05-29,2000,Aqua,MODIS,47,6.1NRT,289.28,4.97,D,BAIXO,False,False
-29.03772,-61.27345,330.8,1.17,1.08,2026-05-29,2000,Aqua,MODIS,87,6.1NRT,290.43,38.27,D,BAIXO,False,False
-20.72874,-65.06767,312.25,1.03,1.01,2026-05-29,2002,Aqua,MODIS,72,6.1NRT,291.48,10.04,D,BAIXO,False,False
-20.72731,-65.0584,310.34,1.03,1.01,2026-05-29,2002,Aqua,MODIS,68,6.1NRT,293.95,8.88,D,BAIXO,False,False
-18.32808,-62.07491,317.62,1.58,1.24,2026-05-29,2004,Aqua,MODIS,75,6.1NRT,295.09,23.53,D,BAIXO,False,False
-18.08944,-59.60522,307.91,2.44,1.51,2026-05-29,2004,Aqua,MODIS,58,6.1NRT,292.33,17.31,D,BAIXO,False,False
-18.08669,-59.59849,308.3,2.44,1.51,2026-05-29,2004,Aqua,MODIS,57,6.1NRT,291.86,17.22,D,BAIXO,False,False
-16.81409,-63.91154,310.21,1.27,1.12,2026-05-29,2004,Aqua,MODIS,58,6.1NRT,298.03,6.74,D,BAIXO,False,False
-16.73131,-59.78679,315.23,2.52,1.53,2026-05-29,2004,Aqua,MODIS,38,6.1NRT,293.44,31.01,D,BAIXO,False,False
-16.70776,-59.62898,310.47,2.6,1.55,2026-05-29,2004,Aqua,MODIS,27,6.1NRT,294.01,21.75,D,BAIXO,False,False
-16.70072,-59.62525,313.47,2.6,1.55,2026-05-29,2004,Aqua,MODIS,70,6.1NRT,294.23,32.4,D,BAIXO,False,False
-16.51263,-63.21661,308.74,1.42,1.18,2026-05-29,2004,Aqua,MODIS,57,6.1NRT,297.84,7.21,D,BAIXO,False,False
-14.93152,-67.01352,318.3,1.01,1.0,2026-05-29,2004,Aqua,MODIS,77,6.1NRT,296.61,12.74,D,BAIXO,False,False
-14.85411,-66.37717,315.59,1.04,1.02,2026-05-29,2004,Aqua,MODIS,63,6.1NRT,297.35,10.21,D,BAIXO,False,False
-14.57879,-68.39092,306.3,1.02,1.01,2026-05-29,2004,Aqua,MODIS,63,6.1NRT,286.49,7.69,D,BAIXO,False,False
-14.57749,-68.38184,301.93,1.02,1.01,2026-05-29,2004,Aqua,MODIS,49,6.1NRT,286.77,4.71,D,BAIXO,False,False
-14.55362,-68.40403,302.8,1.02,1.01,2026-05-29,2004,Aqua,MODIS,49,6.1NRT,277.98,6.88,D,BAIXO,False,False
-14.55231,-68.39488,327.48,1.02,1.01,2026-05-29,2004,Aqua,MODIS,85,6.1NRT,280.66,28.1,D,BAIXO,False,False
-14.0557,-65.39504,309.56,1.15,1.07,2026-05-29,2004,Aqua,MODIS,57,6.1NRT,295.99,6.2,D,BAIXO,False,False
-13.91946,-69.80313,300.35,1.12,1.06,2026-05-29,2004,Aqua,MODIS,33,6.1NRT,286.68,6.54,D,BAIXO,False,False
-13.24355,-66.72988,309.41,1.04,1.02,2026-05-29,2004,Aqua,MODIS,37,6.1NRT,293.15,5.22,D,BAIXO,False,False
-13.21575,-64.4272,314.0,1.33,1.14,2026-05-29,2004,Aqua,MODIS,71,6.1NRT,296.52,11.85,D,BAIXO,False,False
-13.11004,-63.91072,309.36,1.45,1.19,2026-05-29,2004,Aqua,MODIS,57,6.1NRT,290.58,8.84,D,BAIXO,False,False
-12.93775,-66.29949,309.14,1.07,1.03,2026-05-29,2004,Aqua,MODIS,30,6.1NRT,295.18,4.82,D,BAIXO,False,False
-12.92721,-66.29137,311.81,1.08,1.04,2026-05-29,2004,Aqua,MODIS,52,6.1NRT,295.37,6.57,D,BAIXO,False,False
-12.90979,-66.30072,309.99,1.08,1.04,2026-05-29,2004,Aqua,MODIS,53,6.1NRT,295.51,5.66,D,BAIXO,False,False
-12.84562,-70.21599,310.3,1.14,1.06,2026-05-29,2004,Aqua,MODIS,64,6.1NRT,296.59,7.22,D,BAIXO,False,False
-12.84418,-70.20581,315.85,1.14,1.06,2026-05-29,2004,Aqua,MODIS,73,6.1NRT,296.81,12.48,D,BAIXO,False,False
-12.84416,-69.62497,313.56,1.08,1.04,2026-05-29,2004,Aqua,MODIS,68,6.1NRT,294.1,9.96,D,BAIXO,False,False
-12.84279,-69.61533,316.24,1.08,1.04,2026-05-29,2004,Aqua,MODIS,72,6.1NRT,293.13,12.4,D,BAIXO,False,False
-12.61603,-69.25597,307.39,1.04,1.02,2026-05-29,2004,Aqua,MODIS,51,6.1NRT,296.29,4.01,D,BAIXO,False,False
-12.61469,-69.24666,312.45,1.04,1.02,2026-05-29,2004,Aqua,MODIS,66,6.1NRT,296.88,7.52,D,BAIXO,False,False
-11.87194,-73.89032,306.89,1.96,1.37,2026-05-29,2004,Aqua,MODIS,62,6.1NRT,296.07,10.4,D,BAIXO,False,False
-11.45631,-69.46467,304.21,1.04,1.02,2026-05-29,2004,Aqua,MODIS,24,6.1NRT,291.14,3.03,D,BAIXO,False,False
-7.39445,-72.65842,348.45,1.36,1.15,2026-05-29,2006,Aqua,MODIS,95,6.1NRT,295.38,86.32,D,MÉDIO,True,False
-7.39282,-72.64654,341.95,1.36,1.15,2026-05-29,2006,Aqua,MODIS,92,6.1NRT,294.26,66.86,D,MÉDIO,True,False
-7.31815,-72.62757,307.96,1.35,1.15,2026-05-29,2006,Aqua,MODIS,56,6.1NRT,293.47,6.97,D,BAIXO,False,False
